[
  {
    "id": "da88594c-2fb6-47bd-b683-02047db7f933",
    "data": [
      {
        "text": "desserts",
        "userDefined": false
      }
    ],
    "isTemplate": false,
    "count": 0,
    "lang": "en",
    "updated": 0
  },
  {
    "id": "5c829d90-5979-475f-bd19-633d8eda9a9a",
    "data": [
      {
        "text": "drinks",
        "userDefined": false
      }
    ],
    "isTemplate": false,
    "count": 0,
    "lang": "en",
    "updated": 0
  },
  {
    "id": "56c15138-5a79-46c9-a0b9-0b98b5982d81",
    "data": [
      {
        "text": "desserts/drinks",
        "userDefined": false
      }
    ],
    "isTemplate": false,
    "count": 0,
    "lang": "en",
    "updated": 0
  }
]