[
  {
    "id": "ea7c6dae-7b4f-4075-a92f-84e93ae3071c",
    "data": [
      {
        "text": "manchurian gravy",
        "userDefined": false
      }
    ],
    "isTemplate": false,
    "count": 0,
    "lang": "en",
    "updated": 0
  },
  {
    "id": "cc6fd271-229e-49c5-acd1-9c69d942b3bb",
    "data": [
      {
        "text": "hakka noodles",
        "userDefined": false
      }
    ],
    "isTemplate": false,
    "count": 0,
    "lang": "en",
    "updated": 0
  },
  {
    "id": "5afb0f0a-f5b9-4582-bced-ba3762eead56",
    "data": [
      {
        "text": "choco-cookie ice-cream",
        "userDefined": false
      }
    ],
    "isTemplate": false,
    "count": 0,
    "lang": "en",
    "updated": 0
  },
  {
    "id": "d4a9fbcd-0d78-4739-954d-cbfa48e66ae2",
    "data": [
      {
        "text": "walnut brownie",
        "userDefined": false
      }
    ],
    "isTemplate": false,
    "count": 0,
    "lang": "en",
    "updated": 0
  },
  {
    "id": "8cafb8cc-fe83-4f0e-be51-61d97f08d315",
    "data": [
      {
        "text": "sweet-lime soda",
        "userDefined": false
      }
    ],
    "isTemplate": false,
    "count": 0,
    "lang": "en",
    "updated": 0
  },
  {
    "id": "4d034d53-891c-4e02-b2f3-509ac6824d12",
    "data": [
      {
        "text": "thumb-up",
        "userDefined": false
      }
    ],
    "isTemplate": false,
    "count": 0,
    "lang": "en",
    "updated": 0
  },
  {
    "id": "a836e3c9-58b4-4de6-a8a7-84334f0ddb66",
    "data": [
      {
        "text": "manchow soup",
        "userDefined": false
      }
    ],
    "isTemplate": false,
    "count": 0,
    "lang": "en",
    "updated": 0
  },
  {
    "id": "c45a6d16-9b84-4497-bd30-9a00a5d44f3e",
    "data": [
      {
        "text": "peri-peri potatoes",
        "userDefined": false
      }
    ],
    "isTemplate": false,
    "count": 0,
    "lang": "en",
    "updated": 0
  },
  {
    "id": "844b399c-7e21-4feb-98d8-c49a86bbb290",
    "data": [
      {
        "text": "veg .samosa",
        "userDefined": false
      }
    ],
    "isTemplate": false,
    "count": 0,
    "lang": "en",
    "updated": 0
  }
]